{"global_step": 23675, "_timestamp": 1663012672.3412688, "info/r_max": -5.624983787536621, "info/r_avg": -5.624983787536621, "info/r_std": 0.0, "info/s_avg": 23675.0, "info/s_std": 0.0, "info/used_time": 0.0, "info/r_exp": 0.0, "_runtime": 53, "_step": 0}