{"global_step": 90304, "_timestamp": 1667707497.4011285, "info/r_max": 4.646001815795898, "info/r_avg": -3.361456871032715, "info/r_std": 0.0, "info/s_avg": 21839.0, "info/s_std": 0.0, "info/used_time": 0.0, "info/r_exp": 0.0, "_runtime": 3930, "_step": 129}