{"global_step": 5408, "_timestamp": 1667701775.2546315, "info/r_max": 10.194448471069336, "info/r_avg": 4.114218711853027, "info/r_std": 0.0, "info/s_avg": 24959.0, "info/s_std": 0.0, "info/used_time": 0.0, "info/r_exp": 0.0, "_runtime": 2842, "_step": 89}