{"global_step": 236750, "_timestamp": 1663012507.4706302, "info/r_max": -3.9784018993377686, "info/r_avg": -4.960869312286377, "info/r_std": 0.0, "info/s_avg": 23675.0, "info/s_std": 0.0, "info/used_time": 0.0, "info/r_exp": 0.0, "_runtime": 432, "_step": 9}