{"global_step": 4538327, "_timestamp": 1667074513.6764867, "info/r_max": -1.97892427444458, "info/r_avg": -2.5834524631500244, "info/r_std": 0.0, "info/s_avg": 2729.0, "info/s_std": 0.0, "info/used_time": 0.0, "info/r_exp": 0.0, "_runtime": 5463, "_step": 107}