{"global_step": 8233303, "_timestamp": 1667707417.0262682, "info/r_max": 18.391237258911133, "info/r_avg": -6.984684944152832, "info/r_std": 0.0, "info/s_avg": 21839.0, "info/s_std": 0.0, "info/used_time": 0.0, "info/r_exp": 0.0, "_runtime": 26289, "_step": 376}