{"global_step": 1218368, "_timestamp": 1667698722.7149284, "info/r_max": 7.379653453826904, "info/r_avg": -1.267047643661499, "info/r_std": 0.0, "info/s_avg": 21839.0, "info/s_std": 0.0, "info/used_time": 0.0, "info/r_exp": 0.0, "_runtime": 17613, "_step": 585}