{"global_step": 9980423, "_timestamp": 1667736016.8703659, "info/r_max": 11.85498046875, "info/r_avg": 3.8392250537872314, "info/r_std": 0.0, "info/s_avg": 21839.0, "info/s_std": 0.0, "info/used_time": 0.0, "info/r_exp": 0.0, "_runtime": 28327, "_step": 456, "_wandb": {"runtime": 28381}}