{"global_step": 349424, "_timestamp": 1668047459.5740383, "info/r_max": 4.735239028930664, "info/r_avg": -4.752313613891602, "info/r_std": 0.0, "info/s_avg": 21839.0, "info/s_std": 0.0, "info/used_time": 0.0, "info/r_exp": 0.0, "_runtime": 1013, "_step": 15}