{"global_step": 134144, "_timestamp": 1667701747.401407, "info/r_max": 4.646001815795898, "info/r_avg": 0.27410393953323364, "info/r_std": 0.0, "info/s_avg": 21839.0, "info/s_std": 0.0, "info/used_time": 0.0, "info/r_exp": 0.0, "_runtime": 2861, "_step": 94}